title,doi
A solvent- and pH-stable Ni<sup>II</sup>-based metal-organic framework with benzothiadiazole derivative for proton conduction,10.1016/j.molstruc.2023.137156
Novel Deuterated Benzothiadiazole Derivatives with Enhancing High-Lying Reverse Intersystem Crossing for High-Efficiency Organic Light-Emitting Diodes,10.1021/acs.jpcc.3c07943
Dendritic sp Carbon-Conjugated Benzothiadiazole-Based Polymers with Synergistic Multi-Active Groups for High-Performance Lithium Organic Batteries,10.1002/anie.202316208
Isomerization of Benzothiadiazole Yields a Promising Polymer Donor and Organic Solar Cells with Efficiency of 19.0%,10.1002/adma.202312311
"2, 1, 3-Benzothiadiazole Derivative Small Molecule Fluorophores for NIR-II Bioimaging",10.1002/adfm.202310818
Benzothiadiazole-based materials for organic solar cells,10.1016/j.cclet.2023.108438
Ultra-Photostable Random Lasing Coming from the Benzothiadiazole Derivative Dye-Doped Organic System,10.1021/acs.jpcc.3c06218
Single and Double Alkoxybenzothiadiazole-Dithienosilole-Based Nonfused Ring Electron Acceptors for Organic Solar Cells,10.1021/acsaem.3c02429
Rational Design of a Multifunctional Benzothiadiazole Derivative in Organic Photonics and Electronics,10.1002/chem.202302524
Effect of Benzothiadiazole-Based π-Spacers on Fine-Tuning of Optoelectronic Properties of Oligothiophene-Core Donor Materials for Efficient Organic Solar Cells: A DFT Study,10.1021/acs.jpca.3c04866
Phosphate ester functionalized fluorene-benzothiadiazole alternating copolymer/hydroxylated g-C<inf>3</inf>N<inf>4</inf> heterojunctions for efficient hydrogen evolution under visible-light irradiation,10.1016/j.jcis.2023.08.153
Structure-based discovery of pyrazole-benzothiadiazole hybrid as human HPPD inhibitors,10.1016/j.str.2023.09.005
"Crystals of 4,7-Di-2-thienyl-2,1,3-benzothiadiazole and Its Derivative with Terminal Trimethylsilyl Substituents: Synthesis, Growth, Structure, and Optical-Fluorescent Properties",10.3390/cryst13121697
"Synthesis and characterization of hyperbranched conjugated polymers based on triphenylamine, phenoxazine, and benzothiadiazole for optoelectronic applications",10.1016/j.omx.2023.100270
Molecular conformation induced 2D self-assembled polymorph of benzothiadiazole-based π-conjugated fluorophore modified by cyano groups,10.1016/j.apsusc.2023.158071
"Synthesis, characterization and photophysics of polyplatinaynes based on bis(9,9-dibutyl-2,7-fluorenyl)-2,1,3-benzothiadiazole derivatives",10.1016/j.jorganchem.2023.122875
Dual-state emission of D-A-D type benzothiadiazole derivatives for the sensitive detection of amine compounds,10.1016/j.dyepig.2023.111588
"Aryloxy-benzothiadiazole-chalcone and aryloxy-benzothiadiazole-fluorene AIEE luminogens: Synthesis, photophysical properties, and electroluminescence evaluation",10.1016/j.dyepig.2023.111533
Benzothiadiazole covalent organic framework photocatalysis with an electron transfer mediator for selective aerobic sulfoxidation,10.1016/j.jcis.2023.06.027
"Effects of donor and acceptor substituents on the photophysics of 4-ethynyl-2,1,3-benzothiadiazole derivatives",10.1039/d3cp03318j
Influence of Benzothiadiazole on the Accumulation and Metabolism of C6 Compounds in Cabernet Gernischt Grapes (Vitis vinifera L.),10.3390/foods12193710
Structure-Property Relationship of Conjugated Polymers Utilizing Isomerized Fused Benzothiadiazole-Based Building Blocks<sup>†</sup>,10.1002/cjoc.202300237
"New electron-deficient 2,1,3-benzothiadiazole-cored donor–acceptor compounds: Synthesis, photophysical and electroluminescent properties",10.1016/j.mencom.2023.09.035
"Intense millisecond-long red luminescence from heteroleptic Cu(I) 2,1,3-benzothiadiazole complexes",10.1016/j.dyepig.2023.111388
Growth of single-crystals and microstructures using benzothiadiazole derivatives for efficient optical waveguide and nonlinearity,10.1016/j.jlumin.2023.119858
"Polymeric Benzothiadiazole, Benzooxadiazole, and Benzoselenadiazole Photocathodes for Photocatalytic Oxygen Reduction to Hydrogen Peroxide",10.1002/admi.202300270
Biosensors Based on Graphene Oxide Functionalized with Benzothiadiazole-Derived Ligands for the Detection of Cholesterol,10.1021/acsabm.2c01054
"Organometallic palladium(II) complexes with N-((pyridin-2-yl)methylene)-4-amino-2,1,3-benzothiadiazole: synthesis, characterization and reactivity",10.1016/j.jorganchem.2023.122711
F···Br and F···S Heterohalogen-Bond-Directed 2D Self-Assemblies of a Benzothiadiazole Derivative,10.1021/acs.langmuir.3c00866
"Synthesis, Photophysical properties and OFET application of thienothiophene and benzothiadiazole based Donor-π-Acceptor-π (D-π -A-π) type conjugated polymers",10.1016/j.eurpolymj.2023.112028
Organic nanomaterials from self-assembly of BODIPY-benzothiadiazole conjugate for PDT/PTT synergistic therapy,10.1142/S1088424623500621
Polyaryl substituted imidazobenzothiadiazoles as multifunctional organic fluorescent materials for visualization of latent fingerprints and lysosome staining,10.1016/j.dyepig.2023.111213
"Synthesis and characterisation of a new series of 2,6-linked-anthracene–benzothiadiazole based polymers for organic solar cells applications",10.1016/j.tet.2023.133416
Donor-acceptor type conjugated porous polymers based on triphenylamine and benzothiadiazole units as ambipolar electrochromic materials,10.1016/j.polymer.2023.125908
Transcriptome analysis reveals resistance induced by Benzothiadiazole against soft rot in Chinese cabbage,10.1016/j.scienta.2023.111978
"Soluble sugars, organic acids and energy metabolism involved in the wound healing of muskmelons elicited by benzothiadiazole",10.1016/j.postharvbio.2023.112277
Red fluorescent benzothiadiazole derivative loaded in different nanoformulations: Optical properties and their use in bio-imaging,10.1016/j.saa.2022.122250
The Effect of a New Derivative of Benzothiadiazole on the Reduction of Fusariosis and Increase in Growth and Development of Tulips,10.3390/agriculture13040853
Effect of donor groups on the photovoltaic performance of benzothiadiazole-core substituted small molecules for fullerene-based bulk heterojunction organic solar cells,10.1016/j.synthmet.2023.117302
"Modulation of Dielectric Constant and Photovoltaic Properties of 2,1,3-benzothiadiazole-based Alternating Copolymers by Adding Fluorine Atoms to the Backbone of Polymers",10.1002/slct.202204758
Non-fused Polymerized Small-Molecule Acceptors with a Benzothiadiazole Core for All-Polymer Solar Cells,10.1021/acsami.2c21574
A naphthol hydrazone Schiff base bearing benzothiadiazole unit for fluorescent detection of Fe<sup>3+</sup> in PC3 cells,10.1016/j.saa.2022.122242
Benzothiadiazole Affects Grape Polyphenol Metabolism and Wine Quality in Two Greek Cultivars: Effects during Ripening Period over Two Years,10.3390/plants12051179
"Finely regulated benzothiadiazole derivatives: Aggregation-induced emission (AIE), hypso- or bathochromic mechanofluorochromic behaviors, and multilevel information encryption applications",10.1016/j.dyepig.2022.111051
Revisiting the Fluorescence of Benzothiadiazole Derivatives: Anti-Kasha Emission or Not?,10.1002/cptc.202200262
"[2,1,3]-Benzothiadiazole-Spaced Co-Porphyrin-Based Covalent Organic Frameworks for O<inf>2</inf> Reduction",10.1021/acsnano.2c09838
A benzothiadiazole-based Pt(ii) coordination polymer as an efficient heterogeneous photocatalyst for visible-light-driven aerobic oxidative coupling of amines,10.1039/d3cc00021d
"Mono-silylated 2,1,3-benzothiadiazole-based precursors. Molecular scaffolds for obtaining fluorescent organic-inorganic hybrid materials with tailored photophysical properties",10.1016/j.dyepig.2022.110978
Structural-Functional Properties of Asymmetric Fluoro-Alkoxy Substituted Benzothiadiazole Homopolymers with Flanked Chalcogen-Based Heterocycles,10.1002/marc.202200731
Benzothiadiazole induced changes in the transcriptome and regulation of banana fruit ripening and disease resistance,10.1016/j.postharvbio.2022.112161
"2,1,3-Benzothiadiazole-based bis-silylated compounds: Synthesis and use in the preparation of highly fluorescent low-contend organic–inorganic hybrid materials",10.1016/j.jphotochem.2022.114277
Modulation of halogen-bonded 2D self-assemblies of benzothiadiazole derivative: Concentration and solvent effects,10.1016/j.apsusc.2022.155256
A Direct Arylation Approach for the Preparation of Benzothiadiazole-Based Fluorophores for Application in Luminescent Solar Concentrators,10.1055/a-2059-3372
"Benzothiadiazole-derived double aza [5]helicenes: Synthesis, crystal structure and optical properties",10.1016/j.tet.2022.133178
Vis–NIR Electrochromism and NIR–Green Electroluminochromism in Dual Functional Benzothiadiazole-Arylamine Mixed-Valence Compounds,10.1002/adom.202201506
Role of the Benzothiadiazole Unit in Organic Polymers on Photocatalytic Hydrogen Production,10.1021/jacsau.3c00681
Synthesis of indazole-benzothiadiazole push-pull molecules as solid-state fluorescent compounds,10.24820/ark.5550190.p012.096
Color tunable benzothiadiazole-based small molecules for lightening applications,10.1515/chem-2023-0150
Advances of NIR-Ⅱ Small Organic Molecules in Bioimaging and Therapy Based on Benzothiadiazole Structure,10.37188/CJL.20230075
Impact of Cyano and Fluorine Group Functionalization on the Optoelectronic and Photovoltaic Properties of Donor-Acceptor-π-Acceptor Benzothiadiazole Derived S mall Molecules: A D FT a nd TD-DFT S tudy,10.3740/MRSK.2023.33.6.236
"Luminescent Metal-Organic Framework with 2,1,3-Benzothiadiazole Units for Highly Sensitive Gossypol Sensing",10.3390/chemosensors11010052
Effect of Pyrene-Benzothiadiazole Linkage Sites on Photocatalytic Hydrogen Evolution,10.14062/j.issn.0454-5648.20220218
A New Benzothiadiazole Derivative with Systemic Acquired Resistance Activity in the Protection of Zucchini (Cucurbita pepo convar. giromontiina) against Viral and Fungal Pathogens,10.3390/plants12010043
Benzothiadiazole-based polymer donors,10.1016/j.nanoen.2022.108017
Side substitution on benzothiadiazole-based hole transporting materials with a D–A–D molecular configuration for efficient perovskite solar cells,10.1016/j.cap.2022.10.009
"Effects of chemical dopants on the luminescence, bandgap and electrochemical conductivity of the thiophene-based benzothiadiazole-conjugated polymers",10.1007/s00289-021-04050-9
End-group modification of terminal acceptors on benzothiadiazole-based BT2F-IC4F molecule to establish efficient organic solar cells,10.1016/j.molliq.2022.120770
"2,1,3-Benzothiadiazole derivative AIEgens for smart phototheranostics",10.1016/j.ccr.2022.214803
Synthesis of a polymerizable aggregation-induced emission (AIE) dye with A-D structure based on benzothiadiazole for fluorescent nanoparticles and its application in bioimaging,10.1016/j.eurpolymj.2022.111705
Fluorescence vs. Phosphorescence: Which Scenario Is Preferable in Au(I) Complexes with Benzothiadiazoles?,10.3390/molecules27238162
"Utility of 4-Amino-2,1,3-benzothiadiazole Directing Group in the Pd(II)-catalyzed Arylation of γ-C−H Bonds of Carboxamides and β-C-H Bonds of Amino Acid Carboxamides",10.1002/ajoc.202200589
Fluorinated Benzothiadiazole-based polymers with chalcogenophenes for organic field-effect transistors,10.1016/j.orgel.2022.106649
Benzothiadiazole-Based Green Hybridized Local and Charge-Transfer (HLCT) Fluorophores as Solution-Processed Non-Doped Emitters for Simple Structured Electroluminescent Devices,10.1002/cptc.202200154
A benzothiadiazole-based colorimetric chemosensor for detecting Cu<sup>2+</sup> and sequential H<inf>2</inf>S in practical samples,10.1016/j.ica.2022.121180
A π-extended benzothiadiazole derivative for a high-efficiency TADF-sensitized fluorescent organic light-emitting diode,10.1039/d2cc05615a
The Impact of Backbone Fluorination and Side-Chain Position in Thiophene-Benzothiadiazole-Based Hole-Transport Materials on the Performance and Stability of Perovskite Solar Cells,10.3390/ijms232113375
Pre-Harvest Benzothiadiazole Spraying Promotes the Cumulation of Phenolic Compounds in Grapes,10.3390/foods11213345
Enhanced Photovoltaic Performance of Benzothiadiazole-Based Polymers by Controlling their Backbone Planarity for Organic Solar Cells,10.1002/macp.202200222
Alkyl chain length regulated diverse 2D polymorphic self-assembly of benzothiadiazole-based π-conjugated fluorophore,10.1016/j.apsusc.2022.153887
Synthesis and Photophysical Properties of Benzothiadiazole-Based Luminescence Materials with Tunable Emission Properties,10.1016/j.molstruc.2022.133435
Derivatives of diphenylamine and benzothiadiazole in optoelectronic applications: a review,10.1007/s10965-022-03266-1
A DOPO-anchored benzothiadiazole derivative toward efficiently P/N/S synergistic flame retarding of epoxy thermoset,10.1002/pat.5802
Surface Engineering of Conjugated Polybenzothiadiazoles and Integration with Cobalt Oxides for Photocatalytic Water Oxidation,10.1002/chem.202201244
Zinc(II) and copper(II) complexes with benzothiadiazole Schiff-base ligands,10.1016/j.poly.2022.115994
Influence of Benzothiadiazole on the Amino Acids and Aroma Compositions of ‘Cabernet Gernischt’ Grapes (Vitis vinifera L.),10.3390/horticulturae8090812
Benzothiadiazole-based dibenzobenzimidazole derivatives with aggregation-induced deep-red fluorescence and different mechanically responsive fluorescence features,10.1016/j.dyepig.2022.110580
Probing the effect of acceptor engineering in benzothiadiazole-based D-A-D-typed hole-transporting materials for perovskite solar cells,10.1016/j.synthmet.2022.117136
"Imidazobenzothiadiazole: A new multifunction dyes for mechanochromic luminescence, acid responsing and mitochondrial staining",10.1016/j.dyepig.2022.110531
Preparation and electrochemical properties of benzothiadiazole-benzotriazole donor-acceptor conductive polymer lithium-ion anode materials,10.1016/j.synthmet.2022.117112
Intriguing photophysical and mechanochromic characteristics of carboline-based benzothiadiazole donor‒acceptor triad compounds,10.1016/j.dyepig.2022.110515
Quantum chemical simulations of benzothiadiazole (BT) based small molecule donor materials for efficient organic solar cells,10.1016/j.cplett.2022.139726
Novel Ethylene Glycol Substituted Benzoxadiazole and Benzothiadiazole as Anolytes for Nonaqueous Organic Redox Flow Batteries,10.1002/celc.202200483
Synthesis of A Sulfonamide-Substituted Benzothiadiazole-Based Fluorescent Dye and Study of Its Application for Long-Term Cancer Cell Tracking,10.6023/cjoc202202037
Large steric hindrance amide modified benzothiadiazole: High contrast mechanochromic luminescence and volatile acid vapor response,10.1016/j.dyepig.2022.110471
A styryl-benzothiadiazole derivative with aggregation-induced enhanced emission for latent fingerprint recognition,10.1016/j.jlumin.2022.118920
The Impact of Benzothiadiazole on the Optoelectronic Performance of Polymer/PC<inf>71</inf>BM Blend Films and Their Application in NIR Phototransistors,10.1002/aelm.202101297
Imidazole substituted benzothiadiazole derivatives as latent curing agent for epoxy thermosetting resin,10.1002/app.52263
Facile synthesis of annulated benzothiadiazole derivatives and their application as medium band gap acceptors in organic photovoltaic devices,10.1039/d2tc01433e
Highly emissive D-A-π-D type aggregation-induced emission (AIE) or aggregation-induced emission enhancement (AIEE)-active benzothiadiazole derivatives with contrasting mechanofluorochromic features,10.1016/j.saa.2022.121122
Pyrene-benzothiadiazole-based Polymer/CdS 2D/2D Organic/Inorganic Hybrid S-scheme Heterojunction for Efficient Photocatalytic H2 Evolution,10.14102/j.cnki.0254-5861.2022-0096
"Molecular Environment Effects That Modulate the Photophysical Properties of Novel 1,3-Phosphinoamines Based on 2,1,3-Benzothiadiazole",10.3390/molecules27123857
How to achieve near unity fluorescence quantum yields on gold(I) benzothiadiazole-based derivatives,10.1016/j.dyepig.2022.110308
Photophysical characterization and fluorescence cell imaging applications of 4-N-substituted benzothiadiazoles,10.1039/d2ra01404a
"Spectroscopic and HLCT Analysis on 4,7-Di(2-Thienyl)-2,1,3-Benzothiadiazole and Its Di-Substituted Derivatives for Development of Potent Hole Transport Material: DFT Approach",10.12693/APhysPolA.141.445
Depicting the role of end-capped acceptors to amplify the photovoltaic properties of benzothiadiazole core-based molecules for high-performance organic solar cell applications,10.1016/j.comptc.2022.113669
Two different implementation strategies for highly efficient non-doped fluorescent organic light-emitting diodes based on benzothiadiazole derivatives,10.1016/j.cej.2022.135010
"Cost-Efficiency balanced polymer acceptors based on lowly fused Dithienopyrrolo[3, 2b]benzothiadiazole for 16.04% efficiency All-Polymer solar cells",10.1016/j.cej.2022.134862
Synthesis and application of a highly fluorescent styryl-benzothiadiazole derivative as a chemosensor for ethanol in hydroalcoholic solutions,10.1016/j.saa.2022.120913
"A new linear phenyloxazole-benzothiadiazole luminophore: crystal growth, structure and fluorescence properties",10.1107/S2052520622001846
Strong absorber vs. strong emitter in extended π-conjugated systems: a carbo-benzene - benzothiadiazole chromophore,10.1039/d2nj00569g
Design of Nonfused Nonfullerene Acceptors Based on Pyrido- or Benzothiadiazole Cores for Organic Solar Cells,10.1021/acsaem.1c03741
Refashioning benzothiadiazole dye as an activatable nanoprobe for biomarker detection with NIR-II fluorescence/optoacoustic imaging,10.1016/j.xcrp.2021.100570
A two-step MM and QM/MM approach to model AIEE of aryloxy benzothiadiazole derivatives for optoelectronic applications,10.1039/d1cp05225j
Simple benzothiadiazole-based small molecules as additives for efficient organic solar cells,10.1016/j.orgel.2021.106424
"Design and synthesis of benzothiadiazole-based molecular systems: self-assembly, optical and electronic properties†",10.1039/d1nj04559h
Fluorescent Benzothiadiazole Derivatives as Fluorescence Imaging Dyes: A Decade of New Generation Probes,10.1002/chem.202103262
Unveiling Two-photon Absorption Property and Relationship with Brightness and Aggregation in Benzothiadiazoles,
Simple benzothiadiazole derivatives as buried interface materials towards efficient and stable n-i-p perovskite solar cells,10.1039/d2ta00224h
Achieving near-infrared emission platinum (II) complex by introducing dimerized benzothiadiazole unit,10.1016/j.optmat.2021.111896
Synthesis and optical properties of a fluorene-benzothiadiazole anthracene copolymer,10.1016/j.synthmet.2021.116970
Charge-transfer pentacene/benzothiadiazole derivative cocrystal for UV-to-NIR Large Range Responsive Phototransistors,10.1016/j.orgel.2021.106363
Bis-triazolylchalcogenium-Functionalized Benzothiadiazole Derivatives as Light-up Sensors for DNA and BSA,10.1021/acs.joc.1c02153
"New unsymmetrically substituted benzothiadiazole-based luminophores: Synthesis, optical, electrochemical studies, charge transport, and electroluminescent characteristics",10.3390/molecules26247596
Synthesis of selenophene substituted benzodithiophene and fluorinated benzothiadiazole based conjugated polymers for organic solar cell applications,10.1016/j.electacta.2021.139298
"A rational design strategy for red thermally activated delay fluorescence emitter employing 2,1,3-benzothiadiazole skeleton with asymmetric structure",10.1016/j.dyepig.2021.109781
"Sustainable by design, large Stokes shift benzothiadiazole derivatives for efficient luminescent solar concentrators",10.1039/d1tc03536c
Preparation and optical waveguide property of benzothiadiazole-containing one dimensional micro-nanowires,10.19894/j.issn.1000-0518.210071
N-Phenylcarbazole substituted bis(hexylthiophen-2-yl)-benzothiadiazoles as deep red emitters for hole-transporting layer free solution-processed OLEDs,10.1016/j.jphotochem.2021.113509
"Synthesis, photophysical properties and aggregation-induced enhanced emission of bischalcone-benzothiadiazole and chalcone-benzothiadiazole hybrids",10.1016/j.jlumin.2021.118367
Benzothiadiazole treatment inhibits membrane lipid metabolism and straight-chain volatile compound release in Penicillium expansum-inoculated apple fruit,10.1016/j.postharvbio.2021.111671
Achieving High Efficiency at High Luminance in Fluorescent Organic Light-Emitting Diodes through Triplet–Triplet Fusion Based on Phenanthroimidazole-Benzothiadiazole Derivatives,10.1002/chem.202102136
New phenothiazine dyes containing benzothiadiazole-acceptor for dye-sensitized solar cells,10.1016/j.dyepig.2021.109664
Multi-color mechanochromic luminescence of three polymorphic crystals of a donor-acceptor-type benzothiadiazole derivative,10.1039/d1ce00445j
A high contrast mechanochromic luminescent diacetylene-linked bis-benzothiadiazole derivative,10.1039/d1ce00462j
Benzothiadiazole-Based Double-Cable Conjugated Polymers for Single-Component Organic Solar Cells with Efficiency over 4%,10.1021/acsapm.1c00743
Impact of ethynylene linkers on the optical and electrochemical properties of benzothiadiazole based alternate conjugated polymers,10.1016/j.arabjc.2021.103320
"Effect of fluorine atoms on optoelectronic, aggregation and dielectric constants of 2,1,3-benzothiadiazole-based alternating conjugated polymers",10.1016/j.dyepig.2021.109486
Benzothiadiazole-based non-fullerene acceptors,10.1016/j.nanoen.2021.106174
Visible light-induced cationic photopolymerization by diphenyliodonium hexafluorophosphate and benzothiadiazole dyes,10.1007/s00289-020-03345-7
Structural and Morphological Engineering of Benzothiadiazole-Based Covalent Organic Frameworks for Visible Light-Driven Oxidative Coupling of Amines,10.1021/acsami.1c08951
"Effect of thiophene, 3-hexylthiophene, selenophene, and Thieno[3,2-b]thiophene spacers on OPV device performance of novel 2,1,3-benzothiadiazole based alternating copolymers",10.1016/j.jelechem.2021.115483
"Correlating Ultrafast Dynamics, Liquid Crystalline Phases, and Ambipolar Transport in Fluorinated Benzothiadiazole Dyes",10.1002/aelm.202100186
Visible-light induced selective oxidation of sulfides by hierarchical benzothiadiazole- based polymers,10.11868/j.issn.1001-4381.2020.001202
"N,N′-bicarbazole-benzothiadiazole-based conjugated porous organic polymer for reactive oxygen species generation in live cells",10.1039/d1cc02352g
Pre-harvest Spraying with Benzothiadiazole Inhibited Softening of Harvested Agaricus bisporus,10.7506/spkx1002-6630-20210131-369
Ruthenium-Benzothiadiazole Building Block Derived Dynamic Heterometallic Ru-Ag Coordination Polymer and Its Enhanced Water-Splitting Feature,10.1021/acs.inorgchem.1c00865
Synthesis of a benzothiadiazole-based D-A molecule with aggregation-induced emission and controlled assembly properties,10.3390/pr9071094
Expanding benzothiadiazole-tetrazole photo-triggered click reaction with chloride ion into reaction-based chloride ion receptor,10.1016/j.dyepig.2021.109345
Photophysical Characteristics of Polarity-Sensitive and Lipid Droplet-Specific Phenylbenzothiadiazoles,10.1002/cptc.202100040
"Design and synthesis of 1,8-naphthalimide functionalized benzothiadiazoles",10.1039/d1nj00919b
"Impact of application of abscisic acid, benzothiadiazole and chitosan on berry quality characteristics and plant associated microbial communities of vitis vinifera l var. Mouhtaro plants",10.3390/su13115802
Effect of benzothiadiazole treatment on quality and anthocyanin biosynthesis in plum fruit during storage at ambient temperature,10.1002/jsfa.10946
Fluorination on electron-deficient units of benzothiadiazole-based donor-acceptor conjugated polymers for novel fullerene-based organic solar cells,10.1016/j.solener.2021.03.030
Two benzothiadiazole-based compounds as multifunctional fluorescent sensors for detection of organic amines and anions,10.1016/j.poly.2021.115100
Benzothiadiazole-based Conjugated Polymers for Organic Solar Cells,10.1007/s10118-021-2537-8
"Influence of synthetic pathway, molecular weight and side chains on properties of indacenodithiophene-benzothiadiazole copolymers made by direct arylation polycondensation",10.1039/d1tc00043h
"Synthesis, photophysical, and theoretical studies on π-conjugated copolymers based on benzothiadiazole and cyanopyridine acceptor moieties along with other π-bridge units",10.1002/poc.4158
Dimensionality Control in Crystalline Zinc(II) and Silver(I) Complexes with Ditopic Benzothiadiazole-Dipyridine Ligands,10.3390/chemistry3010020
"2,1,3-benzothiadiazole small donor molecules: A DFT study, synthesis, and optoelectronic properties",10.3390/molecules26051216
"Recent progress of electronic materials based on 2,1,3-benzothiadiazole and its derivatives: synthesis and their application in organic light-emitting diodes",10.1007/s11426-020-9901-4
Photophysical and morphological properties of Langmuir–Blodgett films of benzothiadiazole derivatives,10.1007/s11696-020-01366-0
Benzothiadiazole-Substituted Aza-BODIPY Dyes: Two-Photon Absorption Enhancement for Improved Optical Limiting Performances in the Short-Wave IR Range,10.1002/chem.202004899
Plasma membrane staining with fluorescent hybrid benzothiadiazole and coumarin derivatives: Tuning the cellular selection by molecular design,10.1016/j.dyepig.2020.109005
Tuning the electrochemical and optical properties of donor-acceptor D-A<inf>2</inf>-A<inf>1</inf>-A<inf>2</inf>-D derivatives with central benzothiadiazole core by changing the A<inf>2</inf> strength,10.1016/j.electacta.2020.137540
A benzothiadiazole-containing π-conjugated small molecule as promising element for nonvolatile multilevel resistive memory device,10.1016/j.jssc.2020.121850
A benzothiadiazole-quinoline hybrid sensor for specific bioimaging and surgery procedures in mice,10.1016/j.snb.2020.128998
Chain conformation control of fluorene-benzothiadiazole copolymer light-emitting diode efficiency and lifetime,10.1021/acsami.0c18490
"Thiophene-benzothiadiazole based donor–acceptor–donor (D-A-D) bolaamphiphiles, self-assembly and photophysical properties",10.1080/10610278.2021.1959036
Neutral Black Color Showing Electrochromic Copolymer based on Dithienopyrroles and Benzothiadiazole Derivatives,10.1149/2162-8777/ac10b9
Unexpectedly long lifetime of the excited state of benzothiadiazole derivative and its adducts with lewis acids,10.3390/molecules26072030
Near-Infrared Organic Phototransistors with p-Channel Photosensitive Layers of Conjugated Polymer Composed of bis-Octyldodecyl-Diketopyrrolopyrrole and Benzothiadiazole Units,10.1002/aelm.202000932
Facile synthesized fluorine substituted benzothiadiazole based dopant-free hole transport material for high efficiency perovskite solar cell,10.1016/j.dyepig.2020.108786
Direct Arylation Polymerization Toward a D-A Type Copolymer Based on Carbazole and Benzothiadiazole Units - an Analogue of PCDTBT,
Design and development of dithienopyrrolobenzothiadiazole (DTPBT)-based rigid conjugated polymers with improved hole mobilities,10.1016/j.polymer.2020.123089
Tuning the optical properties of: N -aryl benzothiadiazole via Cu(ii)-catalyzed intramolecular C-H amination: The impact of the molecular structure on aggregation and solid state luminescence,10.1039/d0qo00915f
"2,1,3-Benzothiadiazole dyes conjugated with benzothiazole and benzoxazole: Synthesis, solvatochromism and solid-state properties",10.1016/j.molliq.2020.114277
Design and Synthesis of Annulated Benzothiadiazoles via Dithiolate Formation for Ambipolar Organic Semiconductors,10.1021/acsami.0c16056
"Bis(thien-2-yl)-2,1,3-benzothiadiazole-diketopyrrolopyrrole-based acceptor–acceptor conjugated polymers: Design, synthesis, and the synergistic effect of the substituent on their solar cell properties",10.1002/app.49342
"Synthesis and thermal, electrochemical, and photophysical investigation of carbazole/diphenyl benzothiadiazole-based fluorophores",10.1016/j.dyepig.2020.108668
Effect of fluorine substituted benzothiadiazole on electro-optical properties of donor-acceptor-donor type monomers and their polymers,10.1016/j.dyepig.2020.108622
A benzothiadiazole-based covalent organic framework for highly efficient visible-light driven hydrogen evolution,10.1039/d0cc05222a
Appending ionic liquids to fluorescent benzothiadiazole derivatives: Light up and selective lysosome staining,10.1016/j.snb.2020.128530
Deciphering the dynamics of organic nanoaggregates with AIEE effect and excited states: Lipophilic benzothiadiazole derivatives as selective cell imaging probes,10.1021/acs.joc.0c01805
"A Simple and Strong Electron-Deficient 5,6-Dicyano[2,1,3]benzothiadiazole-Cored Donor-Acceptor-Donor Compound for Efficient Near Infrared Thermally Activated Delayed Fluorescence",10.1002/asia.202000727
Synthesis and self-assembly of benzothiadiazole-cored α-cyanostilbene hexacatenar mesogens,10.1080/1539445X.2020.1737119
Effect of spraying benzothiadiazole and β-aminobutyric acid on SnRK1 activity and growth of strawberry plant,10.13592/j.cnki.ppj.2020.0010
Synthesis and Property Study of Field-effect Emissive Conjugated Polymers Based on Styrene and Benzothiadiazole,10.6023/A20050170
"Effect of auxiliary donors and position of benzothiadiazole on the optical and photovoltaic properties of dithieno[3,2-b:2′,3′-d]pyrrole-based sensitizers",10.1016/j.solener.2020.08.001
"Tuning of the coordination and emission properties of 4-amino-2,1,3-benzothiadiazole by introduction of diphenylphosphine group",10.1021/acs.cgd.0c00406
Imidazole-fused benzothiadiazole-based red-emissive fluorescence probe for lysosomal pH imaging in living cells,10.1016/j.talanta.2020.121066
"D-A-A′-type asymmetric small molecules based on triphenylamine-diketopyrrolopyrrole/5,6-difluoro-2,1,3-benzothiadiazole backbone for organic photovoltaic materials",10.1039/d0nj02239j
Highly fluorescent solid-state benzothiadiazole derivatives as saturated red emitters for efficient solution-processed non-doped electroluminescent devices,10.1039/d0tc02131h
Benzothiadiazole Aryl-amine Based Materials as Efficient Hole Carriers in Perovskite Solar Cells,10.1021/acsami.0c07586
Designing highly luminescent aryloxy-benzothiadiazole derivatives with aggregation-induced enhanced emission,10.1016/j.dyepig.2020.108377
The Malleable Excited States of Benzothiadiazole Dyes and Investigation of their Potential for Photochemical Control,10.1002/slct.202001980
Small molecule donor based on alkoxylated benzothiadiazole unit: Synthesis and photovoltaics properties,10.1016/j.matchemphys.2020.122874
High efficiency and low efficiency roll-off hole-transporting layer-free solution-processed fluorescent NIR-OLEDs based on oligothiophene-benzothiadiazole derivatives,10.1039/d0tc00450b
"Highly fluorescent lipophilic 2,1,3-benzothiadiazole fluorophores as optical sensors for tagging material and gasoline adulteration with ethanol",10.1016/j.snb.2020.127701
Nonfused Nonfullerene Acceptors with an A-D-A′-D-A Framework and a Benzothiadiazole Core for High-Performance Organic Solar Cells,10.1021/acsami.0c01850
Benzothiadiazole functionalized Co-doped MIL-53-NH<inf>2</inf> with electron deficient units for enhanced photocatalytic degradation of bisphenol A and ofloxacin under visible light,10.1016/j.jhazmat.2019.122011
Steric Poly(diarylfluorene-co-benzothiadiazole) for Efficient Amplified Spontaneous Emission and Polymer Light-Emitting Diodes: Benefit from Preventing Interchain Aggregation and Polaron Formation,10.1002/adom.201901616
"A Novel Conjugated Polymer Consists of Benzimidazole and Benzothiadiazole: Synthesis, Photophysics Properties, and Sensing Properties for Pd<sup>2+</sup>",10.1002/pol.20200005
Palladium-Catalyzed Direct Mono- or Polyhalogenation of Benzothiadiazole Derivatives,10.1021/acs.joc.9b03418
Stimuli-Responsive Benzothiadiazole Derivative as a Dopant for Rewritable Polymer Blends,10.1021/acsami.9b21209
Effect of Structure Modification of Benzothiadiazole Acceptor Unit on the D-A-D-A-D Typed Oligothiophene Based Donor Materials for Organic Small Molecules Solar Cells: A Theoretical Study,10.6023/cjoc201907032
Fluorination effect for highly conjugated alternating copolymers involving thienylenevinylene-thiophene-flanked benzodithiophene and benzothiadiazole subunits in photovoltaic application,10.3390/polym12030504
Synthesis of fluorene-thiophene-benzothiadiazole (D-π-A) molecules by direct arylation reactions: Formation of nanoparticles and their fluorescence study by one- and two-photon absorption,10.1016/j.optmat.2020.109758
"Tetraphenylethene-substituted benzothiadiazoles: AIE and TICT properties, tunable intramolecular conjugation and application in detecting trace water in organic solvents",10.1016/j.dyepig.2019.108051
Effect of electron donor and acceptor in dithienopyrrolobenzothiadiazole-based organic dyes for efficient quasi-solid-state dye-sensitized solar cells,10.1016/j.dyepig.2019.107999
Synthesis of benzothiadiazole-based small molecule and its photovoltaic property,10.1080/15421406.2020.1743461
"Theoretical Study of New Compounds (D1-BT-EDOT-BT-D2-A) Based on 3, 4-Ethylenedioxythiophene (EDOT) and Benzothiadiazole (BT) for Dye Sensitized Solar Cells",10.1007/978-3-030-36475-5_28
Benzothiadiazole based cascade material to boost the performance of inverted ternary organic solar cells,10.3390/en13020450
Effect of benzothiadiazole treatment on improving the mitochondrial energy metabolism involved in induced resistance of apple fruit during postharvest storage,10.1016/j.foodchem.2019.125288
Growth of New Linear Phenylene-Oxazole Oligomers with a Central Benzothiadiazole Fragment from Solutions of Crystals,10.1134/S1063783419120266
Synthesis and Characterization of Benzothiadiazole and Dicyanovinylindandione Based Small-Molecular Conjugated Materials and Their Photovoltaic Properties,10.1007/s13233-019-7174-5
Fluorine-Mediated Benzothiadiazole Derivatives for Second-Order Nonlinear Optics,10.1007/s12209-019-00211-0
Indacenodithiazole-Ladder-Type Bridged Di(thiophene)-Difluoro-Benzothiadiazole-Conjugated Copolymers as Ambipolar Organic Field-Effect Transistors,10.1021/acs.chemmater.9b03525
Triphenylamine or carbazole-based benzothiadiazole luminophors with remarkable solvatochromism and different mechanofluorochromic behaviors,10.1016/j.tetlet.2019.150968
"Synthesis of 4,7-Di(2-thienyl)-2,1,3-benzothiadiazole via Direct Arylation",10.1088/1742-6596/1358/1/012006
Plasma membrane imaging with a fluorescent benzothiadiazole derivative,10.3762/bjoc.15.257
"Ambient-stable, ion-gated poly[N-9′- heptadecanyl-2,7-carbazole-alt-5,5-(4′,7′-di-2-thienyl-2′,1′,3′-benzothiadiazole)] (PCDTBT) transistors and phototransistors",10.1016/j.orgel.2019.06.050
Poly(5-vinylbenzothiadiazole) for High-Performance Lithium-Ion Batteries,10.1021/acsaem.9b01285
"Substituent Effect on the Structure and Photophysical Properties of Phenylamino- and Pyridylamino-2,1,3-Benzothiadiazoles",10.1134/S0022476619100135
Two benzothiadiazole-based fluorescent sensors for selective detection of Cu<sup>2+</sup> and OH<sup>–</sup> ions,10.1016/j.poly.2019.08.002
Direct Arylation Polycondensation (DAP) Synthesis of Alternating Quaterthiophene−Benzothiadiazole Copolymers for Organic Solar Cell Applications,10.1002/cplu.201900260
Synthesis by direct arylation reaction of photovoltaic D–π–A polymers based on fluorene-thiophene- fragment and fluorinated benzothiadiazole derivatives,10.1007/s10854-019-01744-9
Energy level gamut—a wide-angle lens to look at photoelectronic properties of diketopyrrolopyrrole-benzothiadiazole-based small molecules,10.1007/s00894-019-4110-8
Expanding the Biological Application of Fluorescent Benzothiadiazole Derivatives: A Phenotypic Screening Strategy for Anthelmintic Drug Discovery Using Caenorhabditis elegans,10.1177/2472555219851130
"Efficient solar cells based on cosensitizing porphyrin dyes containing a wrapped donor, a wrapped π-framework and a substituted benzothiadiazole unit",10.1007/s11426-019-9471-y
Conjugated polymers with benzothiadiazole and benzotriazole moieties for polymer solar cells,10.1016/j.renene.2019.03.018
"Effect of the linkages on the self-assembly and photophysical properties of 4,7-diphenyl-2,1,3-benzothiadiazole-based luminescent polycatenars",10.1016/j.molliq.2019.04.121
Molecular design of benzothiadiazole-based dyes for working with carbon nanotube photocatalysts,10.1080/10426507.2019.1603716
Indenofluorene-based-copolymers: Influence of electron-deficient benzothiadiazole (BT) and benzooxadiazole (BO) moieties on light emitting devices,10.1016/j.orgel.2019.03.050
Differently substituted benzothiadiazoles as charge-transporting emitters for fluorescent organic light-emitting diodes,10.1016/j.dyepig.2019.03.017
Palladium Catalyst with Task-Specific Ionic Liquid Ligands: Intracellular Reactions and Mitochondrial Imaging with Benzothiadiazole Derivatives,10.1021/acs.joc.9b00130
Impact of the Subunit Arrangement on the Nonlinear Absorption Properties of Organometallic Complexes with Ruthenium(II) σ-Acetylide and Benzothiadiazole as Building Units,10.3390/inorganics7050067
Effect of benzothiadiazole on the metabolome of tomato plants infected by citrus exocortis viroid,10.3390/v11050437
Effect of mono alkoxy-carboxylate-functionalized benzothiadiazole-based donor polymers for non-fullerene solar cells,10.1016/j.dyepig.2018.12.058
Fused Benzothiadiazole: A Building Block for n-Type Organic Acceptor to Achieve High-Performance Organic Solar Cells,10.1002/adma.201807577
"Effect of 2,1,3-benzothiadiazole (BTD) dopant on photovoltaic performance improvement of organic solar cells",
Direct C-H arylation for small molecules composed of diketopyrrolopyrrole and benzothiadiazole as organic semiconductor materials,10.1016/j.synthmet.2019.03.004
"Vinyl-functionalized multicolor benzothiadiazoles: design, synthesis, crystal structures and mechanically-responsive performance",10.1007/s11426-018-9384-1
"Phase-dependent photoluminescence of non-symmetric 2,1,3-benzothiadiazole liquid crystals",10.1016/j.dyepig.2018.12.012
Influence of methyl jasmonate and benzothiadiazole on the composition of grape skin cell walls and wines,10.1016/j.foodchem.2018.11.029
"Systematically investigating the influence of inserting alkylthiophene spacers on the aggregation, photo-stability and optoelectronic properties of copolymers from dithieno[2,3-: D:2′,3′-d ′]benzo[1,2-b:4,5-b ′]dithiophene and benzothiadiazole derivatives",10.1039/c8py01764f
Role of cyano substituents on thiophene vinylene benzothiadiazole conjugated polymers and application as hole transporting materials in perovskite solar cells,10.1016/j.jphotochem.2018.11.024
"Effects of solvent vapour annealing on the performances of benzo[1,2-b:4,5-b′]dithiophene and 4,7-di(4-hexyl-thiophen-2-yl)-5,6-difluorine-2,1,3-benzothiadiazole-based alternating polymer solar cells with different configurations",10.1016/j.dyepig.2018.09.032
Electronic structure and charge-transport properties of symmetric linear condensed bis-benzothiadiazole derivatives,10.1016/j.molstruc.2018.07.093
"Theoretical studies of squaraine and functionalized 2,1,3-benzothiadiazole molecules for solar cell applications",10.1016/j.matpr.2020.03.501
"Recent Developments in the Synthesis of 1,2,5-Thiadiazoles and 2,1,3-Benzothiadiazoles",10.1055/s-0039-1690679
"CRGD functionalized 2,1,3-benzothiadiazole (BTD)-containing two-photon absorbing red-emitter-conjugated amphiphilic poly(ethylene glycol)-: Block -poly(ϵ-caprolactone) for targeted bioimaging",10.1039/c9ra06694b
"Synthesis and electrochromic properties of two random copolymers containing benzotriazole, benzothiadiazole as electron acceptors and benzodithiophene or indacenodithiophene as electron donors",10.20964/2019.07.23
"Dithienosilole-: Co -5-fluoro-2,1,3-benzothiadiazole-containing regioisomeric polymers for organic field-effect transistors",10.1039/c9tc02414j
When the strategies for cellular selectivity fail. Challenges and surprises in the design and application of fluorescent benzothiadiazole derivatives for mitochondrial staining,10.1039/c9qo00428a
High-contrast mechanochromic benzothiadiazole derivatives based on a triphenylamine or a carbazole unit,10.1039/C9RA00141G
Regio-asymmetric polymers based on fluorinated benzothiadiazole-benzodithiophene for polymer solar cells with a high open-circuit voltage,10.1039/c9nj00001a
A-D<inf>1</inf>-A-D<inf>2</inf>-type regioregular and random terpolymers based on oligothiophene and dialkyloxy- benzothiadiazole units for polymer solar cells,10.1016/j.synthmet.2018.11.007
"Effects of replacing benzodithiophene with a benzothiadiazole derivative on an efficient wide band-gap benzodithiophene-alt-pyrrolo[3,4-c]pyrrole-1,3(2H,5H)-dione copolymer",10.1016/j.jphotochem.2018.09.040
"Suzuki-Miyaura Micellar One-Pot Synthesis of Symmetrical and Unsymmetrical 4,7-Diaryl-5,6-difluoro-2,1,3-benzothiadiazole Luminescent Derivatives in Water and under Air",10.1021/acs.joc.8b02204
"[60]Fullerene-quinoxaline, benzothiadiazole and benzoselenadiazole based dyads for thermally stable polymer solar cells: anchoring of substituent on fullerene with a poly(3-hexylthiophene) polymer chain",10.1002/pi.5678
"Poly(thieno[3,4-b]pyrazine- alt-2,1,3-benzothiadiazole)s: A New Design Paradigm in Low Band Gap Polymers",10.1021/acsmacrolett.8b00682
Heteroatom-doped derivatives of cyclopentadithiophene–benzothiadiazole. quasiparticle study,10.1080/15421406.2019.1578509
"Synthesis and characterization of four random copolymers containing fluorene as electron donors and benzotriazole, benzothiadiazole, pyrido[3,4-b]pyrazine as electron acceptors",10.20964/2018.10.16
"Benzothiadiazole, hexylthiophen and alkoxy benzene based solution processable copolymer: Effect of the electron withdrawing substituents (fluorine atoms) on electrochemical, optical and electrochromic properties",10.1016/j.orgel.2018.06.048
Benzothiadiazole-Based Diarylamines as a Fluoride Sensor: Prevention of Fluoride Induced Decomposition of Receptor Molecule by Complex Formation with Cu<sup>2+</sup>,10.1002/slct.201801581
Molecular controlling the transport properties for benzothiadiazole-based hole transport materials,10.3390/app8091461
"Exchange interactions and XPS O1s spectra in polynuclear lanthanide complexes with dibenzoylmethanide and 4-hydroxy-2,1,3-benzothiadiazole",10.1016/j.molstruc.2018.04.047
"Phenoxy-benzothiadiazole dyes: Synthesis, photophysical properties and preliminary application in OLEDs",10.1016/j.tetlet.2018.06.052
"Photophysics, electronic structure and solar cell performance of a donor-acceptor poly(N-dodecyl-2,7-carbazole-alt-benzothiadiazole) copolymer",10.1016/j.orgel.2018.04.047
Development of a novel benzothiadiazole-based fluorescent turn-on probe for highly selective detection of glutathione over cysteine/homocysteine,10.1016/j.snb.2018.03.162
"Influence of the structure of electron-donating aromatic units in organosilicon luminophores based on 2,1,3-benzothiadiazole electron-withdrawing core on their absorption-luminescent properties",10.1016/j.dyepig.2018.03.043
Genome-wide transcriptome analysis and identification of benzothiadiazole-induced genes and pathways potentially associated with defense response in banana,10.1186/s12864-018-4830-7
Poly(benzothiadiazoles) and Their Derivatives as Heterogeneous Photocatalysts for Visible-Light-Driven Chemical Transformations,10.1021/acscatal.8b00407
"Effect of appended porphyrin in poly(fluorene-alt-benzothiadiazole): synthesis, characterization, physico-chemical and electrochemical studies",10.1007/s00289-017-2165-1
Synergistic Effect of Fluorine Substitution and Thio-Alkylation on Photovoltaic Performances of Alternating Conjugated Polymers Based on Alkylthio-Substituted Benzothiadiazole-Quaterthiophene,10.1021/acsaem.8b00238
Benzothiadiazole derivatives functionalized with two different (hetero)aromatic donor groups: Synthesis and evaluation as TiO<inf>2</inf> sensitizers for DSSCs,10.1016/j.dyepig.2017.10.038
"D1-A-D2-A-D1-type constitutional π-conjugated small molecular isomers bearing benzodithiophene, benzothiadiazole, and thiophene",10.1016/j.dyepig.2017.12.042
Synthesis of Phenothiazine Dyes Featuring Benzothiadiazole Unit for Efficient Dye-sensitized Solar Cells,10.6023/A17120543
Computational modelling of donor-acceptor-donor conjugated polymers based on benzothiadiazole,10.1016/j.comptc.2018.02.013
High performance p-type chlorinated-benzothiadiazole-based polymer electrolyte gated organic field-effect transistors,10.1016/j.orgel.2018.01.003
Synthesis of the conjugated polymer with Fluoronated carbazole donor and benzothiadiazole acceptor linked through thienothiophene,
Preparation and properties of fluorene-based thienothiophene substituted benzothiadiazole copolymer for the application of polymeric solar cells,
Syntheses and properties of small molecule photovoltaic materials based on benzothiadiazole building units,10.7511/dllgxb201801001
Benzothiadiazole and B-aminobutyricacid induce resistance to ectropis obliqua in tea plants (Camellia Sinensis (L.) O. Kuntz),10.3390/molecules23061290
"Investigating the effect of heteroatom substitution in 2,1,3-benzoxadiazole and 2,1,3-benzothiadiazole compounds for organic photovoltaics",10.1039/c7tc05075e
"Effective modulation of the photoluminescence properties of 2,1,3-benzothiadiazoles and 2,1,3-benzoselenadiazoles by Pd-catalyzed C-H bond arylations",10.1039/c7tc05395a
Benzothiadiazole Versus Thiophene: Influence of the Auxiliary Acceptor on the Photovoltaic Properties of Donor–Acceptor-Based Copolymers,10.1002/marc.201700547
Giant fluorescence modulation induced by UVvis excitation of benzothiadiazole nanoparticles doped with diarylethene derivatives,10.1246/cl.170973
Effects of fluoro substitution on the electrochromic performance of alternating Benzotriazole and benzothiadiazole-based donor-acceptor type copolymers,10.3390/polym10010023
Synthesis and properties of new benzothiadiazole-based push-pull dyes for p-type dye sensitized solar cells,10.1016/j.dyepig.2017.08.055
"Two new tercopolymers incorporating electron-rich benzodithiophene and electron-accepting pyrrolo[3,4-c]pyrrole-1,3-dione and difluorobenzothiadiazole derivatives for polymer solar cells",10.1007/s00289-017-2028-9
"Elastic bending flexibility of a fluorescent organic single crystal: New aspects of the commonly used building block 4, 7-dibromo-2, 1, 3-benzothiadiazole",10.1021/acs.cgd.7b00992
Impact of benzothiadiazole position on the photovoltaic properties of solution-processable organic molecule materials,10.1016/j.synthmet.2017.09.008
Phenylalanine ammonia-lyase gene induction with benzothiadiazole elevates defence against Lasiodiplodia theobromae in tea in India,10.1111/jph.12615
"Benzothiadiazole-based D-π-A-π-D fluorophores: Synthesis, self-assembly, thermal and photophysical characterization",10.1016/j.dyepig.2017.07.045
Incorporation of benzothiadiazole moiety at junction of polyfluorene–polytriarylamime block copolymer for effective color tuning in organic light emitting diode,10.1002/app.45393
"Non-Fullerene Acceptors With A<inf>2</inf> = A<inf>1</inf>-D-A<inf>1</inf> = A<inf>2</inf> Skeleton Containing Benzothiadiazole and Thiazolidine-2,4-Dione for High-Performance P3HT-Based Organic Solar Cells",10.1002/solr.201700166
"Synthesis and Properties of New 2,6-Poly(phenylquinoline)s and Their Composites with 2,1,3-Benzothiadiazole",10.1134/S1560090417060021
Syntheses and Photovoltaic Performance of N-Phenylcarbazole Sensitizers with Benzothiadiazole Auxiliary Acceptor,10.6023/cjoc201704045
Efficient Solar Cells Based on Porphyrin Dyes with Flexible Chains Attached to the Auxiliary Benzothiadiazole Acceptor: Suppression of Dye Aggregation and the Effect of Distortion,10.1021/acsami.7b12066
"Conjugated Side Chain Tuning Effect of Indacenodithieno[3,2-b]thiophene and Fluoro-Benzothiadiazole-Based Regioregular Copolymers for High-Performance Organic Field-Effect Transistors",10.1002/macp.201700225
"Solution-processable 2,1,3-benzothiadiazole containing compound based on the novel 1-dodecyl-6-dodecoxynaphthyridine-2-one unit for organic field-effect transistors",10.1016/j.orgel.2017.07.003
Mitochondria-dependent benzothiadiazole-based molecule probe for quantitatively intracellular pH imaging,10.1016/j.dyepig.2017.06.039
A-π-D-π-A type oligomer based on carbazole and benzothiadiazole for organic solar cells,10.1080/15421406.2017.1362899
Photoinduced Decarboxylation Reaction in New Cd-benzothiadiazole Metal-organic Framework,10.7517/j.issn.1674-0475.2017.04.029
Spectroscopic Investigation and Theoretical Modeling of Benzothiadiazole-Based Charge-Transfer Chromophores: From Solution to Nanoaggregates,10.1021/acs.jpcc.7b04647
Synthesis of low bandgap small molecules containing fluorinated benzothiadiazole and phenothiazine for photovoltaic applications,10.1080/15421406.2017.1348807
"Synthesis, Photophysical Characterization, and Self-Assembly of Hexa-peri-hexabenzocoronene/Benzothiadiazole Donor–Acceptor Structure",10.1002/cplu.201700162
Molecular engineering to enhance perovskite solar cell performance: Incorporation of benzothiadiazole as core unit for low cost hole transport materials,10.1016/j.dyepig.2017.04.059
Regular terpolymers with benzothiadiazole side groups for improving the performances of polymer solar cells,10.1016/j.dyepig.2017.04.052
"Chlorinated 2,1,3-Benzothiadiazole-Based Polymers for Organic Field-Effect Transistors",10.1021/acs.macromol.7b00900
"Fluorinated Thiophene-Based Synthons: Polymerization of 1,4-Dialkoxybenzene and Fluorinated Dithieno-2,1,3-benzothiadiazole by Direct Heteroarylation",10.1021/acs.macromol.7b00905
Dicyanobenzothiadiazole Derivatives Possessing Switchable Dielectric Permittivities,10.1021/acsami.7b03060
The effect of the fluorine loading on the optoelectronic and photovoltaic properties of (X-DADAD-)<inf>n</inf>-type donor–acceptor copolymers with the benzothiadiazole A units,10.1002/pssr.201700087
"Direct arylation polymerization toward a narrow bandgap donor–acceptor conjugated polymer of alternating 5,6-difluoro-2,1,3-benzothiadiazole and alkyl-quarternarythiophene: From synthesis, optoelectronic properties to devices",10.1002/pola.28555
"Molecular Organization of 2,1,3-Benzothiadiazoles in the Solid State",10.1021/acs.joc.6b02778
Specific Imaging of Intracellular Lipid Droplets Using a Benzothiadiazole Derivative with Solvatochromic Properties,10.1021/acs.bioconjchem.7b00048
A red fluorescent turn-on chemosensor for Al<sup>3+</sup> based on a dimethoxy triphenylamine benzothiadiazole derivative with aggregation-induced emission,10.1039/c7ay00145b
"""wine-dark sea"" in an organic flow battery: Storing negative charge in 2,1,3-benzothiadiazole radicals leads to improved cyclability",10.1021/acsenergylett.7b00261
Effects on Photovoltaic Performance of Dialkyloxy-benzothiadiazole Copolymers by Varying the Thienoacene Donor,10.1021/acsami.6b12670
"Systematic Tuning of 2,1,3-Benzothiadiazole Acceptor Strength by Monofunctionalization with Alkylamine, Thioalkyl, or Alkoxy Groups in Carbazole Donor-Acceptor Polymers",10.1021/acs.macromol.7b00235
"Synthesis, characterization and photophysical properties of luminescent non-symmetric 4-pyridyl benzothiadiazole derivatives",10.1016/j.molstruc.2016.11.050
"The chemical inducer, BTH (benzothiadiazole) and root colonization by mycorrhizal fungi (glomus spp.) trigger resistance against white rot (sclerotinia sclerotiorum) in sunflower",10.1556/018.68.2017.1.5
"Molecular self-assembly poly[(9,9-dioctyluorene)-2,7-diyl-alt-(4,7-bis(3-hexylthien-5-yl)-2,1,3-benzothiadiazole)-2′,2′′-diyl]:PCBM thin films: Molecular self-assembly, hexyl substituent groups and sheet resistance relationships",10.1016/j.synthmet.2016.11.041
Pyrene–benzothiadiazole-based copolymers for application in photovoltaic devices,10.1002/pat.3874
Synthesis and properties of benzothiadiazole-pyridine system: The modulation of optical feature,10.1016/j.dyepig.2016.10.005
Benzothiadiazole conjugated metal-organic framework for organic aerobic oxidation reactions under visible light,10.6023/A16090496
"Metal carbonyl complexes of potentially ambidentate 2,1,3-benzothiadiazole and 2,1,3-benzoselenadiazole acceptors",10.1515/znb-2017-0100
Unique structural micro-adjustments in a new benzothiadiazole-derived Zn(II) metal organic framework: Via simple photochemical decarboxylation,10.1039/c7cc06125k
Synthesis of azole-fused benzothiadiazoles as key units for functional π-conjugated compounds,10.2494/photopolymer.30.561
Fluorine-substituted benzothiadiazole-based hole transport materials for highly efficient planar perovskite solar cells with a FF exceeding 80%,10.1039/c7cc04606e
"Multi-vinyl linked benzothiadiazole conjugated polymers: High performance, low crystalline material for transistors",10.1039/c7cc03272b
"Ladder-type poly(indenofluorene-: Co -benzothiadiazole)s as efficient gain media for organic lasers: Design, synthesis, optical gain properties, and stabilized lasing properties",10.1039/c7tc02008b
"Effect of alkylthiophene spacers and fluorine on the optoelectronic properties of 5,10-bis(dialkylthien-2-yl)dithieno[2,3-d:2′,3′- d ′]benzo[1,2-b:4,5- b ′]dithiophene- alt -benzothiadiazole derivative copolymers",10.1039/c6ra28836g
A novel near-infrared chemosensor for mercury ion detection based on D-A structure of triphenylamine and benzothiadiazole,10.1016/j.tet.2017.03.088
Indolylbenzothiadiazoles with varying substituents on the indole ring: a systematic study on the self-recovering mechanochromic luminescence,10.1039/c7ra01006k
"Teaching an old acceptor new tricks: rationally employing 2,1,3-benzothiadiazole as input to design a highly efficient red thermally activated delayed fluorescence emitter",10.1039/c7tc00025a
Theoretical characterization on photoelectric properties of benzothiadiazole- and fluorene-based small molecule acceptor materials for the organic photovoltaics,10.1007/s00894-016-3205-8
Conformational and electronic properties of small benzothiadiazole-cored oligomers with aryl flanking units: Thiophene versus Furan,10.1016/j.commatsci.2016.09.044
A new colorimetric and ratiometric chemodosimeter for mercury (II) based on triphenylamine and benzothiadiazolenovel,10.1016/j.jphotochem.2016.09.007
"4-Amino-2,1,3-benzothiadiazole as a Removable Bidentate Directing Group for the Pd(II)-Catalyzed Arylation/Oxygenation of sp<sup>2</sup>/sp<sup>3</sup> β-C-H Bonds of Carboxamides",10.1021/acs.joc.6b01831
Systematic Investigation of Benzodithiophene-Benzothiadiazole Isomers for Organic Photovoltaics,10.1021/acsami.6b11806
"2,1,3-Benzothiadiazole-based fluorophores. Synthesis, electrochemical, thermal and photophysical characterization",10.1016/j.dyepig.2016.07.011
Vinylene-Linked Oligothiophene-Difluorobenzothiadiazole Copolymer for Transistor Applications,10.1021/acsami.6b09628
"New benzothiadiazole-based dyes incorporating dithieno[3,2-b:2′,3′-d]pyrrole (DTP) π-linker for dye-sensitized solar cells with different electrolytes",10.1016/j.jpowsour.2016.09.141
A-D-A type conjugated oligomers based on benzothiadiazole and their photovoltaic applications,10.1016/j.synthmet.2016.08.012
Synthesis of conjugated oligomer based on benzothiadiazole and its application of organic solar cells,10.7317/pk.2016.40.6.960
"Photobehavior and Nonlinear Optical Properties of Push-Pull, Symmetrical, and Highly Fluorescent Benzothiadiazole Derivatives",10.1021/acs.jpcc.6b07290
Fluorinated benzothiadiazole-based small molecules for photovoltaic applications,10.1016/j.synthmet.2016.07.018
"Synthesis and photovoltaic properties of donor–acceptor conjugated polymers based on 4,7-dithienyl-2,1,3-benzothiadiazole functionalized silole",10.1016/j.synthmet.2016.07.016
"Effect of hexyl substituent groups on photophysical and electrochemical properties of the poly[(9,9-Dioctyluorene)−2,7-diyl-alt-(4,7-bis (3-Hexylthien-5-Yl)−2,1,3-Benzothiadiazole)−2′,2″-diyl]",10.1002/polb.24104
"New red-luminescent cadmium coordination polymers with 4-amino-2,1,3-benzothiadiazole",10.1080/00958972.2016.1231304
"Confinement Effects on the Optical Properties and Chain Conformations of Poly(9,9-di-n-octylfluorene-alt-benzothiadiazole) Nanotubes",10.1002/macp.201600178
Molecular design of benzothiadiazole derivatives electron acceptors and matching of donor-acceptor materials,10.6023/A16050268
"Syntheses, electrochemical and spectroelectrochemical characterization of benzothiadiazole and benzoselenadiazole based random copolymers",10.1080/10601325.2016.1189280
Straight chain D-A copolymers based on thienothiophene and benzothiadiazole for efficient polymer field effect transistors and photovoltaic cells,10.1039/c6py00674d
"Synthesis, characterizations, and electrochromic properties of donor-acceptor type polymers containing 2, 1, 3-benzothiadiazole and different thiophene donors",10.1002/pola.28097
"Synthesis, Structure, Properties, and Bioimaging of a Fluorescent Nitrogen-Linked Bisbenzothiadiazole",10.1021/acs.joc.6b00245
"An alternating copolymer of fluorene donor and quinoxaline acceptor versus a terpolymer consisting of fluorene, quinoxaline and benzothiadiazole building units: synthesis and characterization",10.1007/s00289-015-1541-y
A novel colorimetric and fluorescent sensor for cyanide anions detection based on triphenylamine and benzothiadiazole,10.1016/j.tet.2016.01.019
"Electropolymerization and spectroelectrochemical properties of poly(4,7-dithien-2-yl-2,1,3-benzothiadiazole) films in three 1-butyl-3-methylimidazolium ionic liquids",10.1016/j.matchemphys.2015.10.059
Synthesis and photovoltaic properties of two-dimensional copolymers based on novel benzothiadiazole and quinoxaline acceptors with conjugated dithienylbenzothiadiazole pendants,10.1002/pola.27888
"New photoactive D-π-A-π-D benzothiadiazole derivative: Synthesis, thermal and photophysical properties",10.1016/j.dyepig.2015.12.003
Enhanced Photovoltaic Performances of Dye-Sensitized Solar Cells by Co-Sensitization of Benzothiadiazole and Squaraine-Based Dyes,10.1021/acsami.5b11134
Synthesis of Benzothiadiazole Derivatives by Applying C-C Cross-Couplings,10.1021/acs.joc.5b02689
"Chain microstructure and specific features of excitation energy transfer in solution and films of poly(9,9-dioctylfluorene) doped with 2,1,3-benzothiadiazole comonomer units",10.1016/j.cplett.2015.12.039
Structure property relationship for carbazole and benzothiadiazole based conjugated polymers,10.1016/j.solmat.2015.11.005
Polymer based on benzothiadiazole-bridged bis-isoindigo for organic field-effect transistor applications,10.1016/j.dyepig.2015.10.046
"Donor-acceptor molecules based on benzothiadiazole: Synthesis, X-ray crystal structures, linear and third-order nonlinear optical properties",10.1016/j.dyepig.2015.10.014
"Visible-Near-Infrared Range Whispering Gallery Resonance from Photonic μ-Sphere Cavities Self-Assembled from a Blend of Polystyrene and Poly[4,7-bis(3-octylthiophene-2-yl)benzothiadiazole-co-2,6-bis(pyrazolyl)pyridine] Coordinated to Tb(acac)<inf>3</inf>",10.1021/acsami.5b10710
"High performance alternating polymers based on two-dimensional conjugated benzo[1,2-: B:4,5- b ′]dithiophene and fluorinated dithienylbenzothiadiazole for solar cells",10.1039/c6ra13595a
Benzothiadiazole building units in solution-processable small molecules for organic photovoltaics,10.1039/c6ta06241e
"Theoretical study of new donor-π-Acceptor compounds based on Carbazole, Thiophene and Benzothiadiazole for photovoltaic application as dye-sensitized solar cells",
Synthesis of benzothiadiazole-based molecules: Via direct arylation: An eco-friendly way of obtaining small semi-conducting organic molecules,10.1039/c6nj00847j
Near-infrared emissive donor-acceptor-type molecules containing thiazole-fused benzothiadiazole as an electron-acceptor moiety,10.1246/cl.160519
Donor–acceptor optoelectronic molecules based on hexa-peri-hexabenzocoronene and benzothiadiazole units: effect of different combinations,10.1016/j.tet.2016.05.072
"Donor-acceptor conjugated polymers based on thieno[3,2-b] indole (TI) and 2,1,3-benzothiadiazole (BT) for high efficiency polymer solar cells",10.1039/c6tc00929h
"Novel luminescent β-ketoimine derivative of 2,1,3-benzothiadiazole: Synthesis, complexation with Zn(II) and photophysical properties in comparison with related compounds",10.1039/c6ra06547c
"Synthesis and self-assembly of luminescent hexacatenar molecules incorporating a 4,7-diphenyl-2,1,3-benzothiadiazole core",10.1039/c5ra25242c
Synthesis and Characterization of benzothiadiazole derivatives as organic semiconductors for organic thin-film transistors,10.1166/jnn.2016.10790
"Novel 2,1,3-benzothiadiazole derivatives used as selective fluorescent and colorimetric sensors for fluoride ion",10.1016/j.dyepig.2015.09.021
D-π-A-π-A Strategy to Design Benzothiadiazole-carbazole-based Conjugated Polymer with High Solar Cell Voltage and Enhanced Photocurrent,10.1002/marc.201500466
"Synthesis and characterization of alternating and random conjugated polymers derived from dithieno2,3-d:2′,3′-d′benzo1,2-b:4,5-b′dithiophene and 2,1,3-benzothiadiazole derivatives",10.1038/pj.2015.74
Solution-processed small molecules based on benzodithiophene and difluorobenzothiadiazole for inverted organic solar cells,10.1039/c5py01051a
An efficient colorimetric and fluorescent probe for the detection of fluoride ions based on a benzothiadiazole derivative,10.1039/c5ay02108a
Donor-acceptor-type semiconducting polymers consisting of benzothiadiazole derivatives as electron-acceptor units for organic photovoltaic cells,10.1166/jnn.2015.11530
Vacuum-depositable thiophene- and benzothiadiazole-based donor materials for organic solar cells,10.1039/c5nj01860a
Palladium-Catalyzed Direct Thienylation of Monobromide-Substituted Difluorinated Benzothiadiazoles for Organic Photovoltaics,10.1055/s-0035-1560461
Synthesis and structure-property relationship of carbazole-alt-benzothiadiazole copolymers,10.1002/pola.27660
"Halogen Bonding and Chalcogen Bonding in 4,7-Dibromo-5,6-dinitro-2,1,3-benzothiadiazole",10.1021/acs.jpcb.5b03533
Coordination-directed self-assembly of a simple benzothiadiazole-fused tetrathiafulvalene to low-bandgap metallogels,10.1039/c5cc06819c
"2,1,3-Benzothiadiazole-5,6-dicarboxylic imide based low-bandgap polymers for solution processed photodiode application",10.1016/j.orgel.2015.07.051
Effects of substituted triphenylamines on photoluminescent properties of triphenylamine-fluorene-benzothiadiazole copolymers,10.3969/j.issn.1003-9015.06.25.03
"4,6-2,1,3-benzothiadiazole: a new block to construct polymer optoelectrical functional materials and multiple performance regulator",10.6023/cjoc201501033
Identification of novel ERF transcription factor genes in papaya and analysis of their expression in different tissues and in response to the plant defense inducer benzothiadiazole (BTH),10.1016/j.pmpp.2015.06.005
"4,7-Di-2-thienyl-2,1,3-benzothiadiazole with hexylthiophene side chains and a benzodithiophene based copolymer for efficient organic solar cells",10.1039/c5py00199d
Thermoelectric Performance of Donor–Acceptor–Donor Conjugated Polymers Based on Benzothiadiazole Derivatives,10.1007/s11664-014-3490-x
Benzothiadiazole-based organic dyes with pyridine anchors for dye-sensitized solar cells: Effect of donor on optical properties,10.1016/j.tet.2015.04.089
A highly planar fluorinated benzothiadiazole-based conjugated polymer for high-performance organic thin-film transistors,10.1002/adma.201500233
"Effect of Fluorination of 2,1,3-Benzothiadiazole",10.1021/acs.joc.5b00430
"Discovery of 1,3-dihydro-2,1,3-benzothiadiazole 2,2-dioxide analogs as new RORC modulators",10.1016/j.bmcl.2015.03.042
Tailoring π-conjugated dithienosilole-benzothiadiazole oligomers for organic solar cells,10.1039/c4nj02350a
"Acid-catalyzed hydrolysis of 5-substituted-1H,3H-2,1,3-benzothiadiazole 2,2-dioxides (5-substituted benzosulfamides): Kinetic behavior and mechanistic interpretations",10.1002/poc.3419
Effects of benzothiadiazole on disease resistance and soluble sugar accumulation in grape berries and its possible cellular mechanisms involved,10.1016/j.postharvbio.2015.02.011
Studies on UV-vis and fluorescence changements in Co <sup>2+</sup> and Cu <sup>2+</sup> recognition by a new benzimidazole-benzothiadiazole derivative,10.1016/j.snb.2014.12.056
Conjugated polymer consisting of benzothiadiazole and phenazine as donor materials for organic photovoltaics,10.1016/j.jiec.2014.08.037
Synthesis of conjugated polymers via an exclusive direct-arylation coupling reaction: A facile and straightforward way to synthesize thiophene-flanked benzothiadiazole derivatives and their copolymers,10.1039/c4py01627k
Synthesis of modified benzothiadiazole-thiophene-cored acceptor and carbazole/indolocarbazole alternating conjugated polymers and their photovoltaic applications,10.1007/s00289-014-1292-1
"Highly efficient electrogenerated chemiluminescence of an oligofluorene-truxene star-shaped compound incorporating 2,1,3-benzothiadiazole units",10.1039/c4tc02638a
Modulation of the charge transfer and photophysical properties in non-fused tetrathiafulvalene-benzothiadiazole derivatives,10.1039/c4ob02100b
Cyano substituted benzothiadiazole: A novel acceptor inducing n-type behaviour in conjugated polymers,10.1039/c4tc02008a
Fluorination on both D and A units in D-A type conjugated copolymers based on difluorobithiophene and benzothiadiazole for highly efficient polymer solar cells,10.1039/c5ee00855g
Dithienocarbazole- and benzothiadiazole-based donor-acceptor conjugated polymers for bulk heterojunction polymer solar cells,10.1007/s11426-014-5221-9
Synthesis and photovoltaic effect in red/near-infrared absorbing A-D-A-D-A-type oligothiophenes containing benzothiadiazole and thienothiadiazole central units,10.1117/1.JPE.5.057213
"Efficient solar cells based on a new polymer from fluorinated benzothiadiazole and alkylthienyl substituted thieno[2,3-f]benzofuran",10.1016/j.dyepig.2015.01.021
Branched benzothiadiazole-cored oligomers with terminal carbazoles: Synthesis and fluorescence probing nitroaromatics,10.1016/j.dyepig.2015.01.009
"Synthesis of two-dimensional π-conjugated polymers pendent with benzothiadiazole and naphtho[1,2-c:5,6-c]bis[1,2,5]thiadiazole moieties for polymer solar cells",10.1007/s11426-014-5275-8
Theoretical photophysics (DFT) of fluorescent benzothiadiazole probes,10.5935/1984-6835.20150018
Benzothiadiazole-containing conjugated polyelectrolytes for biological sensing and imaging,10.1002/macp.201400408
"Increasing thiophene spacers between thieno[3,2-b]thiophene and benzothiadiazole units in backbone to enhance photovoltaic performance for their 2-D polymers",10.1016/j.dyepig.2014.06.015
Modulation on charge recombination and light harvesting toward high-performance benzothiadiazole-based sensitizers in dye-sensitized solar cells: A theoretical investigation,10.1016/j.jpowsour.2014.05.085
Fluorinated benzothiadiazole (BT) groups as a powerful unit for high-performance electron-transporting polymers,10.1021/am505925w
Designed Benzothiadiazole Fluorophores for Selective Mitochondrial Imaging and Dynamics,10.1002/chem.201404039
Fluorinated low band gap copolymer based on dithienosilole-benzothiadiazole for high-performance photovoltaic device,10.1039/c4py00758a
"Alternating copolymers of diketopyrrolopyrrole or benzothiadiazole and alkoxy-substituted oligothiophenes: Spectroscopic, electrochemical and spectroelectrochemical investigations",10.1016/j.electacta.2014.07.147
"Synthesis, Photovoltaic properties and side-chain effect of copolymer containing phenothiazine and 2,1,3-benzothiadiazole",10.14478/ace.2014.1068
Enhanced CO<inf>2</inf> sorption and selectivity by functionalization of a NbO-type metal-organic framework with polarized benzothiadiazole moieties,10.1039/c4cc05833j
"Highly emissive dimesitylboryl-substituted 2,1,3-benzothiadiazole derivatives: Photophysical properties and efficient fluorescent sensor for fluoride anions",10.1016/j.tet.2014.06.110
Synthesis and properties of small-molecule photovoltaic material based on fluorene-benzothiadiazole,10.7511/dllgxb201405003
"Synthesis of poly(5,6-difluoro-2,1,3-benzothiadiazole-alt-9,9-dioctyl- fluorene) via direct arylation polycondensation",10.1002/pola.27251
